-- =========================
--     SIMULATION DATA :)
-- Apex Motorsport Database
-- =========================

-- DEPARTMENT
INSERT INTO DEPARTMENT VALUES ('LOG', 'Logistics and Transportation');
INSERT INTO DEPARTMENT VALUES ('BUS', 'Business and Sponsorship Management');
INSERT INTO DEPARTMENT VALUES ('ENG', 'Engineering and Performance');
INSERT INTO DEPARTMENT VALUES ('HR', 'Human Resources and Scheduling');
INSERT INTO DEPARTMENT VALUES ('PIT', 'Pit Crew Operations');

-- EMPLOYEE
INSERT INTO EMPLOYEE VALUES (1, 'LOG', 'Graham', 'Robert', DATE '2004-05-12', '0711111111', 'graham@nwu.ac.za', 'M', 'Logistics Staff');
INSERT INTO EMPLOYEE VALUES (2, 'BUS', 'Tjay', 'Burger', DATE '2004-08-20', '0722222222', 'tjay@nwu.ac.za', 'M', 'Business Administrator');
INSERT INTO EMPLOYEE VALUES (3, 'ENG', 'Wihan', 'Jacobsz', DATE '2004-03-15', '0733333333', 'wihan@nwu.ac.za', 'M', 'Engineer');
INSERT INTO EMPLOYEE VALUES (4, 'HR', 'Stephan', 'van Rensburg', DATE '2004-11-04', '0744444444', 'stephan@nwu.ac.za', 'M', 'HR Scheduler');
INSERT INTO EMPLOYEE VALUES (5, 'PIT', 'Ruben', 'Badenhorst', DATE '2004-07-22', '0755555555', 'ruben@nwu.ac.za', 'M', 'Mechanic');

-- SPONSOR
INSERT INTO SPONSOR VALUES (1, 'Oracle');
INSERT INTO SPONSOR VALUES (2, 'Red Bull');
INSERT INTO SPONSOR VALUES (3, 'Pirelli');
INSERT INTO SPONSOR VALUES (4, 'Petronas');
INSERT INTO SPONSOR VALUES (5, 'Dell Technologies');

-- CONTRACT
INSERT INTO CONTRACT VALUES (1, '2026 Season', 'Primary sponsorship agreement', DATE '2026-01-10');
INSERT INTO CONTRACT VALUES (2, '2026 Season', 'Technical partnership agreement', DATE '2026-01-15');
INSERT INTO CONTRACT VALUES (3, '2026 Season', 'Tyre supply partnership agreement', DATE '2026-01-20');
INSERT INTO CONTRACT VALUES (4, '2026 Season', 'Driver salary agreement', DATE '2026-02-01');
INSERT INTO CONTRACT VALUES (5, '2026 Season', 'IT infrastructure support agreement', DATE '2026-02-05');

-- SEASON
INSERT INTO SEASON (Season_ID, Season) VALUES (1, 2026);
INSERT INTO SEASON (Season_ID, Season) VALUES (2, 2025);
INSERT INTO SEASON (Season_ID, Season) VALUES (3, 2024);

-- CIRCUIT
INSERT INTO CIRCUIT (Circuit_ID, Circuit_Location, Circuit_TimeZone) VALUES (1, 'Monaco', 'CET');
INSERT INTO CIRCUIT (Circuit_ID, Circuit_Location, Circuit_TimeZone) VALUES (2, 'Silverstone', 'GMT');
INSERT INTO CIRCUIT (Circuit_ID, Circuit_Location, Circuit_TimeZone) VALUES (3, 'Spa-Francorchamps', 'CET');
INSERT INTO CIRCUIT (Circuit_ID, Circuit_Location, Circuit_TimeZone) VALUES (4, 'Monza', 'CET');
INSERT INTO CIRCUIT (Circuit_ID, Circuit_Location, Circuit_TimeZone) VALUES (5, 'Suzuka', 'JST');

-- EMP_CONTRACT
INSERT INTO EMP_CONTRACT VALUES (1, 2);
INSERT INTO EMP_CONTRACT VALUES (2, 3);
INSERT INTO EMP_CONTRACT VALUES (3, 5);
INSERT INTO EMP_CONTRACT VALUES (4, 4);
INSERT INTO EMP_CONTRACT VALUES (5, 1);

-- SPONSOR_CONTRACT
INSERT INTO SPONSOR_CONTRACT VALUES (1, 1);
INSERT INTO SPONSOR_CONTRACT VALUES (2, 2);
INSERT INTO SPONSOR_CONTRACT VALUES (3, 3);
INSERT INTO SPONSOR_CONTRACT VALUES (4, 4);
INSERT INTO SPONSOR_CONTRACT VALUES (5, 5);

-- PAYMENT
INSERT INTO PAYMENT VALUES (1, 1, 2500000.00, DATE '2026-01-15');
INSERT INTO PAYMENT VALUES (2, 2, 1750000.00, DATE '2026-01-20');
INSERT INTO PAYMENT VALUES (3, 3, 1200000.00, DATE '2026-01-25');
INSERT INTO PAYMENT VALUES (4, 4, 950000.00, DATE '2026-02-05');
INSERT INTO PAYMENT VALUES (5, 5, 1500000.00, DATE '2026-02-15');

-- SHIPMENT
INSERT INTO SHIPMENT VALUES (1, 1, 1, DATE '2026-05-01', DATE '2026-05-03', 3);
INSERT INTO SHIPMENT VALUES (2, 1, 2, DATE '2026-06-10', DATE '2026-06-12', 2);
INSERT INTO SHIPMENT VALUES (3, 1, 3, DATE '2026-07-01', DATE '2026-07-03', 1);

-- ASSET
INSERT INTO ASSET VALUES (1, 'Race Car Chassis', 2);
INSERT INTO ASSET VALUES (2, 'Tyre Set', 50);
INSERT INTO ASSET VALUES (3, 'Server', 4);
INSERT INTO ASSET VALUES (4, 'Pit Equipment', 12);
INSERT INTO ASSET VALUES (5, 'Gearbox', 20);
INSERT INTO ASSET VALUES (10000, 'Other Component Assembly', 5);
INSERT INTO ASSET VALUES (10001, 'Front Wing Assembly', 5);
INSERT INTO ASSET VALUES (10002, 'Rear Wing Assembly', 5);
INSERT INTO ASSET VALUES (10003, 'Carbon Fibre Chassis Unit', 3);
INSERT INTO ASSET VALUES (10004, 'Hybrid Power Unit', 4);
INSERT INTO ASSET VALUES (10005, 'Gearbox Assembly', 6);
INSERT INTO ASSET VALUES (10006, 'Tyre Set - Soft', 20);
INSERT INTO ASSET VALUES (10007, 'Tyre Set - Medium', 20);
INSERT INTO ASSET VALUES (10008, 'Tyre Set - Hard', 20);
INSERT INTO ASSET VALUES (10010, 'Sidepod Assembly', 4);

-- SHIPPED_ASSET
INSERT INTO SHIPPED_ASSET VALUES (1, 1);
INSERT INTO SHIPPED_ASSET VALUES (1, 2);
INSERT INTO SHIPPED_ASSET VALUES (2, 3);
INSERT INTO SHIPPED_ASSET VALUES (3, 4);
INSERT INTO SHIPPED_ASSET VALUES (3, 5);

-- EVENT
INSERT INTO EVENT (Event_ID, Circuit_ID, Season_ID, Event_Date) VALUES (90001, 1, 1, DATE '2026-03-01');
INSERT INTO EVENT (Event_ID, Circuit_ID, Season_ID, Event_Date) VALUES (90002, 2, 1, DATE '2026-03-15');
INSERT INTO EVENT (Event_ID, Circuit_ID, Season_ID, Event_Date) VALUES (90003, 3, 1, DATE '2026-04-05');

-- CAR
INSERT INTO CAR VALUES (1, 798, 'Operational', 03, 2026, 6);
INSERT INTO CAR VALUES (2, 801, 'Operational', 04, 2026, 7);
INSERT INTO CAR VALUES (3, 795, 'InForService', 01, 2025, 6);
INSERT INTO CAR VALUES (4, 770, 'Retired', 01, 2023, 6);
INSERT INTO CAR VALUES (5, 798, 'Non-Operational', 01, 2024, 6);

-- PART
INSERT INTO PART VALUES (20001, 'AC', 'New', 10001);
INSERT INTO PART VALUES (20002, 'AC', 'Used', 10002);
INSERT INTO PART VALUES (20003, 'C', 'New', 10003);
INSERT INTO PART VALUES (20004, 'C', 'Used', 10003);
INSERT INTO PART VALUES (20005, 'PU', 'New', 10004);
INSERT INTO PART VALUES (20006, 'PU', 'Used', 10004);
INSERT INTO PART VALUES (20007, 'TS', 'New', 10006);
INSERT INTO PART VALUES (20008, 'TS', 'New', 10007);
INSERT INTO PART VALUES (20009, 'TS', 'Used', 10008);
INSERT INTO PART VALUES (20010, 'G', 'New', 10005);
INSERT INTO PART VALUES (20011, 'G', 'New', 10005);
INSERT INTO PART VALUES (20012, 'G', 'Damaged', 10005);
INSERT INTO PART VALUES (20013, 'O', 'New', 10000);
INSERT INTO PART VALUES (20014, 'O', 'Used', 10010);
INSERT INTO PART VALUES (20015, 'O', 'New', 10010);
INSERT INTO PART VALUES (20016, 'AC', 'New', 10001);
INSERT INTO PART VALUES (20017, 'AC', 'Used', 10002);
INSERT INTO PART VALUES (20018, 'AC', 'New', 10001);
INSERT INTO PART VALUES (20019, 'C', 'New', 10003);
INSERT INTO PART VALUES (20020, 'C', 'Damaged', 10003);
INSERT INTO PART VALUES (20021, 'C', 'Used', 10003);
INSERT INTO PART VALUES (20022, 'PU', 'New', 10004);
INSERT INTO PART VALUES (20023, 'PU', 'Used', 10004);
INSERT INTO PART VALUES (20024, 'PU', 'Damaged', 10004);

-- CAR_PART
INSERT INTO CAR_PART VALUES (1, 20001, 90001, DATE '2026-03-01', DATE '2026-03-03', 'Removed');
INSERT INTO CAR_PART VALUES (1, 20003, 90001, DATE '2026-03-01', NULL, 'Fitted');
INSERT INTO CAR_PART VALUES (2, 20005, 90002, DATE '2026-03-15', DATE '2026-03-17', 'Removed');
INSERT INTO CAR_PART VALUES (2, 20010, 90002, DATE '2026-03-15', NULL, 'Fitted');
INSERT INTO CAR_PART VALUES (3, 20007, 90003, DATE '2026-04-05', DATE '2026-04-07', 'Removed');

-- AERO_COMPONENT
INSERT INTO AERO_COMPONENT VALUES (20001, 'FrontWing', 'v1.0');
INSERT INTO AERO_COMPONENT VALUES (20002, 'RearWing', 'v2.1');
INSERT INTO AERO_COMPONENT VALUES (20016, 'FrontWing', 'v1.5');
INSERT INTO AERO_COMPONENT VALUES (20017, 'RearWing',  'v3.0');
INSERT INTO AERO_COMPONENT VALUES (20018, 'FrontWing', 'v2.0');

-- CHASSIS
INSERT INTO CHASSIS VALUES (20003, 'Passed', 'CarbonFibre', 35.50, 'FIA-CH-2026-001');
INSERT INTO CHASSIS VALUES (20004, 'Passed', 'CarbonFibre', 36.20, 'FIA-CH-2026-002');
INSERT INTO CHASSIS VALUES (20019, 'ToBeDetermined', 'CarbonFibre', 34.80, 'FIA-CH-2026-003');
INSERT INTO CHASSIS VALUES (20020, 'Failed', 'Aluminium',   40.10, 'FIA-CH-2025-007');
INSERT INTO CHASSIS VALUES (20021, 'Passed', 'CarbonFibre', 35.90, 'FIA-CH-2025-008');

-- POWER_UNIT
INSERT INTO POWER_UNIT VALUES (20005, 1040, 0.00);
INSERT INTO POWER_UNIT VALUES (20006, 970, 3500.70);
INSERT INTO POWER_UNIT VALUES (20022, 1025, 1600.00);
INSERT INTO POWER_UNIT VALUES (20023, 995, 8100.50);
INSERT INTO POWER_UNIT VALUES (20024, 890, 4555.00);

-- GEARBOX
INSERT INTO GEARBOX VALUES (20010, 0.00, 8, 0);
INSERT INTO GEARBOX VALUES (20011, 3333.00, 8, 3);
INSERT INTO GEARBOX VALUES (20012, 1550.00, 8, 6);

COMMIT;

-- ============================================================
-- SESSION DATA & TECHNICAL DATA INSERTS
-- ============================================================

INSERT INTO EMPLOYEE VALUES (6,  'ENG', 'Max',       'Verstappen',  DATE '1997-09-30', '0761000001', 'max.v@apex.com',      'M', 'Driver');
INSERT INTO EMPLOYEE VALUES (7,  'ENG', 'Lando',     'Norris',      DATE '1999-11-13', '0761000002', 'lando.n@apex.com',    'M', 'Driver');
INSERT INTO EMPLOYEE VALUES (8,  'ENG', 'James',     'Vowles',      DATE '1981-04-02', '0761000003', 'james.v@apex.com',    'M', 'Engineer');
INSERT INTO EMPLOYEE VALUES (9,  'ENG', 'Hannah',    'Schmitz',     DATE '1985-06-18', '0761000004', 'hannah.s@apex.com',   'F', 'Engineer');
INSERT INTO EMPLOYEE VALUES (10, 'PIT', 'Calum',     'Nicholas',    DATE '1990-03-12', '0761000005', 'calum.n@apex.com',    'M', 'Mechanic');
INSERT INTO EMPLOYEE VALUES (11, 'PIT', 'Diego',     'Ferreiro',    DATE '1988-07-25', '0761000006', 'diego.f@apex.com',    'M', 'Mechanic');
INSERT INTO EMPLOYEE VALUES (12, 'PIT', 'Thomas',    'Chambers',    DATE '1995-01-09', '0761000007', 'thomas.c@apex.com',   'M', 'Pit Crew');
INSERT INTO EMPLOYEE VALUES (13, 'PIT', 'Aiden',     'Walsh',       DATE '1993-11-22', '0761000008', 'aiden.w@apex.com',    'M', 'Pit Crew');
INSERT INTO EMPLOYEE VALUES (14, 'BUS', 'Christian', 'Horner',      DATE '1973-11-16', '0761000009', 'christian.h@apex.com','M', 'Team Principal');

INSERT INTO DRIVER VALUES (6, 1, 'Netherlands');
INSERT INTO DRIVER VALUES (7, 4, 'United Kingdom');
INSERT INTO ENGINEER VALUES (8, 6);
INSERT INTO ENGINEER VALUES (9, 7);
INSERT INTO MECHANIC VALUES (10, 8, 'Suspension');
INSERT INTO MECHANIC VALUES (11, 9, 'Power Unit');
INSERT INTO PITCREW_MEMBER VALUES (12, 'Front Jack');
INSERT INTO PITCREW_MEMBER VALUES (13, 'Rear Jack');
COMMIT;

INSERT INTO CIRCUIT (Circuit_ID, Circuit_Location, Circuit_TimeZone) VALUES (6, 'Bahrain International Circuit', 'AST');
INSERT INTO CIRCUIT (Circuit_ID, Circuit_Location, Circuit_TimeZone) VALUES (7, 'Albert Park Circuit',           'AEDT');
INSERT INTO CIRCUIT (Circuit_ID, Circuit_Location, Circuit_TimeZone) VALUES (8, 'Circuit de Barcelona-Catalunya','CET');
COMMIT;

INSERT INTO PART VALUES (101, 'C',  'New', 1);
INSERT INTO PART VALUES (102, 'C',  'New', 1);
INSERT INTO PART VALUES (103, 'PU', 'New', 1);
INSERT INTO PART VALUES (104, 'PU', 'New', 1);
INSERT INTO PART VALUES (105, 'G',  'New', 1);
INSERT INTO PART VALUES (106, 'G',  'New', 1);
INSERT INTO PART VALUES (107, 'AC', 'New', 1);
INSERT INTO PART VALUES (108, 'AC', 'New', 1);
INSERT INTO PART VALUES (201, 'TS', 'New', 1);
INSERT INTO PART VALUES (202, 'TS', 'New', 1);
INSERT INTO PART VALUES (203, 'TS', 'New', 1);
INSERT INTO PART VALUES (204, 'TS', 'New', 1);
INSERT INTO PART VALUES (205, 'TS', 'New', 1);
INSERT INTO PART VALUES (206, 'TS', 'New', 1);
INSERT INTO PART VALUES (207, 'TS', 'New', 1);
INSERT INTO PART VALUES (208, 'TS', 'New', 1);

INSERT INTO CHASSIS VALUES (101, 'Passed', 'Carbon Fibre', 702.0, 'FIA-2026-C1');
INSERT INTO CHASSIS VALUES (102, 'Passed', 'Carbon Fibre', 698.5, 'FIA-2026-C2');
INSERT INTO POWER_UNIT VALUES (103, 1050, 0);
INSERT INTO POWER_UNIT VALUES (104, 1050, 0);
INSERT INTO GEARBOX VALUES (105, 0, 8, 0);
INSERT INTO GEARBOX VALUES (106, 0, 8, 0);
INSERT INTO AERO_COMPONENT VALUES (107, 'Front Wing', 'v3.2');
INSERT INTO AERO_COMPONENT VALUES (108, 'Rear Wing',  'v2.8');
INSERT INTO TIRE_SET VALUES (201, 0, 'SOFT',         0, 100);
INSERT INTO TIRE_SET VALUES (202, 0, 'MEDIUM',       0, 100);
INSERT INTO TIRE_SET VALUES (203, 0, 'HARD',         0, 100);
INSERT INTO TIRE_SET VALUES (204, 0, 'SOFT',         0, 100);
INSERT INTO TIRE_SET VALUES (205, 0, 'MEDIUM',       0, 100);
INSERT INTO TIRE_SET VALUES (206, 0, 'HARD',         0, 100);
INSERT INTO TIRE_SET VALUES (207, 0, 'INTERMEDIATE', 0, 100);
INSERT INTO TIRE_SET VALUES (208, 0, 'INTERMEDIATE', 0, 100);
COMMIT;

INSERT INTO CAR VALUES (6, 798.5, 'Operational', 1, 1, 6);
INSERT INTO CAR VALUES (7, 800.0, 'Operational', 2, 1, 7);
COMMIT;

INSERT INTO EVENT (Event_ID, Circuit_ID, Season_ID, Event_Date) VALUES (1, 6, 1, DATE '2026-03-01');
INSERT INTO EVENT (Event_ID, Circuit_ID, Season_ID, Event_Date) VALUES (2, 7, 1, DATE '2026-03-15');
INSERT INTO EVENT (Event_ID, Circuit_ID, Season_ID, Event_Date) VALUES (3, 1, 1, DATE '2026-05-21');
INSERT INTO EVENT (Event_ID, Circuit_ID, Season_ID, Event_Date) VALUES (4, 8, 1, DATE '2026-06-01');
INSERT INTO EVENT (Event_ID, Circuit_ID, Season_ID, Event_Date) VALUES (5, 3, 1, DATE '2026-07-27');
COMMIT;

INSERT INTO EMP_EVENT_ASSIGNMENT (Assignment_Code, Emp_ID, Event_ID, Expected_Arrival, Assignment_Desc) VALUES (1,  6, 1, DATE '2026-02-27', 'Driver - Bahrain GP');
INSERT INTO EMP_EVENT_ASSIGNMENT (Assignment_Code, Emp_ID, Event_ID, Expected_Arrival, Assignment_Desc) VALUES (2,  7, 1, DATE '2026-02-27', 'Driver - Bahrain GP');
INSERT INTO EMP_EVENT_ASSIGNMENT (Assignment_Code, Emp_ID, Event_ID, Expected_Arrival, Assignment_Desc) VALUES (3,  8, 1, DATE '2026-02-26', 'Engineer - Bahrain GP');
INSERT INTO EMP_EVENT_ASSIGNMENT (Assignment_Code, Emp_ID, Event_ID, Expected_Arrival, Assignment_Desc) VALUES (4,  9, 1, DATE '2026-02-26', 'Engineer - Bahrain GP');
INSERT INTO EMP_EVENT_ASSIGNMENT (Assignment_Code, Emp_ID, Event_ID, Expected_Arrival, Assignment_Desc) VALUES (5,  6, 2, DATE '2026-03-12', 'Driver - Australian GP');
INSERT INTO EMP_EVENT_ASSIGNMENT (Assignment_Code, Emp_ID, Event_ID, Expected_Arrival, Assignment_Desc) VALUES (6,  7, 2, DATE '2026-03-12', 'Driver - Australian GP');
INSERT INTO EMP_EVENT_ASSIGNMENT (Assignment_Code, Emp_ID, Event_ID, Expected_Arrival, Assignment_Desc) VALUES (7,  8, 2, DATE '2026-03-11', 'Engineer - Australian GP');
INSERT INTO EMP_EVENT_ASSIGNMENT (Assignment_Code, Emp_ID, Event_ID, Expected_Arrival, Assignment_Desc) VALUES (8,  9, 2, DATE '2026-03-11', 'Engineer - Australian GP');
INSERT INTO EMP_EVENT_ASSIGNMENT (Assignment_Code, Emp_ID, Event_ID, Expected_Arrival, Assignment_Desc) VALUES (9,  6, 3, DATE '2026-05-18', 'Driver - Monaco GP');
INSERT INTO EMP_EVENT_ASSIGNMENT (Assignment_Code, Emp_ID, Event_ID, Expected_Arrival, Assignment_Desc) VALUES (10, 7, 3, DATE '2026-05-18', 'Driver - Monaco GP');
COMMIT;

INSERT INTO RACE_SESSION VALUES (1, 1, 'PRACTICE',   TO_TIMESTAMP('2026-03-01 10:00:00','YYYY-MM-DD HH24:MI:SS'), 91.234, 'Y');
INSERT INTO RACE_SESSION VALUES (2, 1, 'QUALIFYING', TO_TIMESTAMP('2026-03-02 15:00:00','YYYY-MM-DD HH24:MI:SS'), 88.456, 'N');
INSERT INTO RACE_SESSION VALUES (3, 1, 'RACE',       TO_TIMESTAMP('2026-03-03 15:00:00','YYYY-MM-DD HH24:MI:SS'), 90.112, 'N');
INSERT INTO RACE_SESSION VALUES (4, 2, 'PRACTICE',   TO_TIMESTAMP('2026-03-15 11:00:00','YYYY-MM-DD HH24:MI:SS'), 80.881, 'Y');
INSERT INTO RACE_SESSION VALUES (5, 2, 'QUALIFYING', TO_TIMESTAMP('2026-03-16 15:00:00','YYYY-MM-DD HH24:MI:SS'), 79.702, 'N');
INSERT INTO RACE_SESSION VALUES (6, 2, 'RACE',       TO_TIMESTAMP('2026-03-17 14:00:00','YYYY-MM-DD HH24:MI:SS'), 81.334, 'N');
INSERT INTO RACE_SESSION VALUES (7, 3, 'PRACTICE',   TO_TIMESTAMP('2026-05-22 10:00:00','YYYY-MM-DD HH24:MI:SS'), 74.112, 'Y');
INSERT INTO RACE_SESSION VALUES (8, 3, 'QUALIFYING', TO_TIMESTAMP('2026-05-24 15:00:00','YYYY-MM-DD HH24:MI:SS'), 71.889, 'N');
INSERT INTO RACE_SESSION VALUES (9, 3, 'RACE',       TO_TIMESTAMP('2026-05-25 14:00:00','YYYY-MM-DD HH24:MI:SS'), 73.456, 'N');
COMMIT;

INSERT INTO DRIVER_SESSION VALUES (6,1); INSERT INTO DRIVER_SESSION VALUES (7,1);
INSERT INTO DRIVER_SESSION VALUES (6,2); INSERT INTO DRIVER_SESSION VALUES (7,2);
INSERT INTO DRIVER_SESSION VALUES (6,3); INSERT INTO DRIVER_SESSION VALUES (7,3);
INSERT INTO DRIVER_SESSION VALUES (6,4); INSERT INTO DRIVER_SESSION VALUES (7,4);
INSERT INTO DRIVER_SESSION VALUES (6,5); INSERT INTO DRIVER_SESSION VALUES (7,5);
INSERT INTO DRIVER_SESSION VALUES (6,6); INSERT INTO DRIVER_SESSION VALUES (7,6);
INSERT INTO DRIVER_SESSION VALUES (6,7); INSERT INTO DRIVER_SESSION VALUES (7,7);
INSERT INTO DRIVER_SESSION VALUES (6,8); INSERT INTO DRIVER_SESSION VALUES (7,8);
INSERT INTO DRIVER_SESSION VALUES (6,9); INSERT INTO DRIVER_SESSION VALUES (7,9);
COMMIT;

INSERT INTO WEATHER_CONDITION VALUES (1,  1, TO_TIMESTAMP('2026-03-01 10:15:00','YYYY-MM-DD HH24:MI:SS'), 32.5, 48.2, 28.0, 14.3, 'DRY');
INSERT INTO WEATHER_CONDITION VALUES (2,  1, TO_TIMESTAMP('2026-03-01 10:45:00','YYYY-MM-DD HH24:MI:SS'), 33.1, 50.5, 26.5, 12.8, 'DRY');
INSERT INTO WEATHER_CONDITION VALUES (3,  2, TO_TIMESTAMP('2026-03-02 15:10:00','YYYY-MM-DD HH24:MI:SS'), 30.8, 44.6, 30.3, 18.2, 'DRY');
INSERT INTO WEATHER_CONDITION VALUES (4,  2, TO_TIMESTAMP('2026-03-02 15:40:00','YYYY-MM-DD HH24:MI:SS'), 29.5, 43.1, 31.1, 16.0, 'DRY');
INSERT INTO WEATHER_CONDITION VALUES (5,  3, TO_TIMESTAMP('2026-03-03 15:10:00','YYYY-MM-DD HH24:MI:SS'), 26.5, 38.9, 35.1, 20.0, 'DRY');
INSERT INTO WEATHER_CONDITION VALUES (6,  3, TO_TIMESTAMP('2026-03-03 16:30:00','YYYY-MM-DD HH24:MI:SS'), 24.2, 35.4, 38.5, 22.1, 'DRY');
INSERT INTO WEATHER_CONDITION VALUES (7,  4, TO_TIMESTAMP('2026-03-15 11:10:00','YYYY-MM-DD HH24:MI:SS'), 22.3, 34.5, 52.0, 18.5, 'DRY');
INSERT INTO WEATHER_CONDITION VALUES (8,  4, TO_TIMESTAMP('2026-03-15 11:40:00','YYYY-MM-DD HH24:MI:SS'), 23.1, 36.0, 50.3, 17.2, 'DRY');
INSERT INTO WEATHER_CONDITION VALUES (9,  5, TO_TIMESTAMP('2026-03-16 15:05:00','YYYY-MM-DD HH24:MI:SS'), 21.8, 32.7, 55.3, 19.4, 'DRY');
INSERT INTO WEATHER_CONDITION VALUES (10, 5, TO_TIMESTAMP('2026-03-16 15:35:00','YYYY-MM-DD HH24:MI:SS'), 22.0, 33.1, 54.1, 18.0, 'DRY');
INSERT INTO WEATHER_CONDITION VALUES (11, 6, TO_TIMESTAMP('2026-03-17 14:10:00','YYYY-MM-DD HH24:MI:SS'), 18.5, 26.3, 72.5, 25.3, 'DAMP');
INSERT INTO WEATHER_CONDITION VALUES (12, 6, TO_TIMESTAMP('2026-03-17 15:20:00','YYYY-MM-DD HH24:MI:SS'), 17.8, 24.9, 78.9, 28.1, 'WET');
INSERT INTO WEATHER_CONDITION VALUES (13, 7, TO_TIMESTAMP('2026-05-22 10:15:00','YYYY-MM-DD HH24:MI:SS'), 24.5, 38.2, 48.5, 8.2,  'DRY');
INSERT INTO WEATHER_CONDITION VALUES (14, 7, TO_TIMESTAMP('2026-05-22 10:45:00','YYYY-MM-DD HH24:MI:SS'), 25.0, 39.5, 46.0, 7.5,  'DRY');
INSERT INTO WEATHER_CONDITION VALUES (15, 8, TO_TIMESTAMP('2026-05-24 15:05:00','YYYY-MM-DD HH24:MI:SS'), 23.8, 37.1, 50.3, 9.1,  'DRY');
INSERT INTO WEATHER_CONDITION VALUES (16, 8, TO_TIMESTAMP('2026-05-24 15:35:00','YYYY-MM-DD HH24:MI:SS'), 23.2, 36.8, 51.0, 8.8,  'DRY');
INSERT INTO WEATHER_CONDITION VALUES (17, 9, TO_TIMESTAMP('2026-05-25 14:10:00','YYYY-MM-DD HH24:MI:SS'), 22.5, 35.9, 52.1, 10.0, 'DRY');
INSERT INTO WEATHER_CONDITION VALUES (18, 9, TO_TIMESTAMP('2026-05-25 15:30:00','YYYY-MM-DD HH24:MI:SS'), 22.8, 36.5, 51.5, 9.5,  'DRY');
COMMIT;

INSERT INTO TELEMETRY_LOG VALUES (1,  1, 1, TO_TIMESTAMP('2026-03-01 10:05:01','YYYY-MM-DD HH24:MI:SS'), 318.456, 8, 98.50,  0.00, 1, 'N');
INSERT INTO TELEMETRY_LOG VALUES (2,  1, 1, TO_TIMESTAMP('2026-03-01 10:05:14','YYYY-MM-DD HH24:MI:SS'), 287.123, 7, 62.30, 48.20, 1, 'N');
INSERT INTO TELEMETRY_LOG VALUES (3,  1, 1, TO_TIMESTAMP('2026-03-01 10:05:28','YYYY-MM-DD HH24:MI:SS'), 301.889, 8, 100.00, 0.00, 1, 'Y');
INSERT INTO TELEMETRY_LOG VALUES (4,  1, 2, TO_TIMESTAMP('2026-03-01 10:05:01','YYYY-MM-DD HH24:MI:SS'), 312.741, 8, 97.80,  0.00, 1, 'N');
INSERT INTO TELEMETRY_LOG VALUES (5,  1, 2, TO_TIMESTAMP('2026-03-01 10:05:18','YYYY-MM-DD HH24:MI:SS'), 278.332, 6, 55.40, 60.10, 1, 'N');
INSERT INTO TELEMETRY_LOG VALUES (6,  1, 2, TO_TIMESTAMP('2026-03-01 10:05:32','YYYY-MM-DD HH24:MI:SS'), 295.220, 8, 99.10,  0.00, 1, 'Y');
INSERT INTO TELEMETRY_LOG VALUES (7,  3, 1, TO_TIMESTAMP('2026-03-03 15:10:01','YYYY-MM-DD HH24:MI:SS'), 325.115, 8, 99.90,  0.00, 5, 'Y');
INSERT INTO TELEMETRY_LOG VALUES (8,  3, 1, TO_TIMESTAMP('2026-03-03 15:10:15','YYYY-MM-DD HH24:MI:SS'), 305.670, 8, 100.00, 0.00, 5, 'Y');
INSERT INTO TELEMETRY_LOG VALUES (9,  3, 1, TO_TIMESTAMP('2026-03-03 15:10:29','YYYY-MM-DD HH24:MI:SS'), 278.440, 7, 68.50, 22.10, 5, 'N');
INSERT INTO TELEMETRY_LOG VALUES (10, 3, 1, TO_TIMESTAMP('2026-03-03 15:10:43','YYYY-MM-DD HH24:MI:SS'), 145.220, 4, 20.00, 88.30, 5, 'N');
INSERT INTO TELEMETRY_LOG VALUES (11, 3, 1, TO_TIMESTAMP('2026-03-03 15:10:57','YYYY-MM-DD HH24:MI:SS'), 298.880, 8, 100.00, 0.00, 5, 'Y');
INSERT INTO TELEMETRY_LOG VALUES (12, 3, 2, TO_TIMESTAMP('2026-03-03 15:10:05','YYYY-MM-DD HH24:MI:SS'), 320.220, 8, 98.30,  0.00, 5, 'Y');
INSERT INTO TELEMETRY_LOG VALUES (13, 3, 2, TO_TIMESTAMP('2026-03-03 15:10:19','YYYY-MM-DD HH24:MI:SS'), 298.115, 8, 97.50,  0.00, 5, 'Y');
INSERT INTO TELEMETRY_LOG VALUES (14, 3, 2, TO_TIMESTAMP('2026-03-03 15:10:33','YYYY-MM-DD HH24:MI:SS'), 265.330, 7, 60.20, 30.50, 5, 'N');
INSERT INTO TELEMETRY_LOG VALUES (15, 3, 2, TO_TIMESTAMP('2026-03-03 15:10:47','YYYY-MM-DD HH24:MI:SS'), 138.770, 3, 15.00, 91.20, 5, 'N');
INSERT INTO TELEMETRY_LOG VALUES (16, 3, 2, TO_TIMESTAMP('2026-03-03 15:11:01','YYYY-MM-DD HH24:MI:SS'), 288.990, 8, 100.00, 0.00, 5, 'Y');
INSERT INTO TELEMETRY_LOG VALUES (17, 4, 1, TO_TIMESTAMP('2026-03-15 11:08:00','YYYY-MM-DD HH24:MI:SS'), 298.330, 8, 96.10,  0.00, 1, 'N');
INSERT INTO TELEMETRY_LOG VALUES (18, 4, 1, TO_TIMESTAMP('2026-03-15 11:08:18','YYYY-MM-DD HH24:MI:SS'), 255.775, 6, 45.50, 70.00, 1, 'N');
INSERT INTO TELEMETRY_LOG VALUES (19, 4, 1, TO_TIMESTAMP('2026-03-15 11:08:36','YYYY-MM-DD HH24:MI:SS'), 282.110, 8, 99.00,  0.00, 1, 'N');
INSERT INTO TELEMETRY_LOG VALUES (20, 4, 2, TO_TIMESTAMP('2026-03-15 11:08:00','YYYY-MM-DD HH24:MI:SS'), 291.440, 8, 95.80,  0.00, 1, 'N');
INSERT INTO TELEMETRY_LOG VALUES (21, 4, 2, TO_TIMESTAMP('2026-03-15 11:08:18','YYYY-MM-DD HH24:MI:SS'), 248.220, 6, 42.10, 72.50, 1, 'N');
INSERT INTO TELEMETRY_LOG VALUES (22, 4, 2, TO_TIMESTAMP('2026-03-15 11:08:36','YYYY-MM-DD HH24:MI:SS'), 276.880, 7, 98.20,  0.00, 1, 'N');
INSERT INTO TELEMETRY_LOG VALUES (23, 6, 1, TO_TIMESTAMP('2026-03-17 14:10:00','YYYY-MM-DD HH24:MI:SS'), 248.330, 7, 80.10,  5.20, 1, 'N');
INSERT INTO TELEMETRY_LOG VALUES (24, 6, 1, TO_TIMESTAMP('2026-03-17 14:10:18','YYYY-MM-DD HH24:MI:SS'), 195.775, 5, 40.50, 75.00, 1, 'N');
INSERT INTO TELEMETRY_LOG VALUES (25, 6, 1, TO_TIMESTAMP('2026-03-17 14:10:36','YYYY-MM-DD HH24:MI:SS'), 231.110, 7, 82.00,  3.10, 1, 'N');
INSERT INTO TELEMETRY_LOG VALUES (26, 6, 1, TO_TIMESTAMP('2026-03-17 14:10:54','YYYY-MM-DD HH24:MI:SS'), 112.440, 3, 18.00, 92.30, 1, 'N');
INSERT INTO TELEMETRY_LOG VALUES (27, 6, 1, TO_TIMESTAMP('2026-03-17 14:11:12','YYYY-MM-DD HH24:MI:SS'), 220.330, 6, 78.50,  2.00, 1, 'N');
INSERT INTO TELEMETRY_LOG VALUES (28, 6, 2, TO_TIMESTAMP('2026-03-17 14:10:05','YYYY-MM-DD HH24:MI:SS'), 241.770, 7, 79.30,  6.50, 1, 'N');
INSERT INTO TELEMETRY_LOG VALUES (29, 6, 2, TO_TIMESTAMP('2026-03-17 14:10:23','YYYY-MM-DD HH24:MI:SS'), 188.220, 5, 38.90, 78.20, 1, 'N');
INSERT INTO TELEMETRY_LOG VALUES (30, 6, 2, TO_TIMESTAMP('2026-03-17 14:10:41','YYYY-MM-DD HH24:MI:SS'), 225.440, 6, 80.10,  4.00, 1, 'N');
INSERT INTO TELEMETRY_LOG VALUES (31, 6, 2, TO_TIMESTAMP('2026-03-17 14:10:59','YYYY-MM-DD HH24:MI:SS'), 108.990, 3, 15.50, 94.10, 1, 'N');
INSERT INTO TELEMETRY_LOG VALUES (32, 6, 2, TO_TIMESTAMP('2026-03-17 14:11:17','YYYY-MM-DD HH24:MI:SS'), 214.660, 6, 76.80,  3.50, 1, 'N');
INSERT INTO TELEMETRY_LOG VALUES (33, 7, 1, TO_TIMESTAMP('2026-05-22 10:05:00','YYYY-MM-DD HH24:MI:SS'), 268.330, 7, 91.10,  0.00, 1, 'N');
INSERT INTO TELEMETRY_LOG VALUES (34, 7, 1, TO_TIMESTAMP('2026-05-22 10:05:16','YYYY-MM-DD HH24:MI:SS'), 95.775,  3, 10.50, 95.00, 1, 'N');
INSERT INTO TELEMETRY_LOG VALUES (35, 7, 1, TO_TIMESTAMP('2026-05-22 10:05:32','YYYY-MM-DD HH24:MI:SS'), 242.110, 7, 88.00,  0.00, 1, 'N');
INSERT INTO TELEMETRY_LOG VALUES (36, 7, 2, TO_TIMESTAMP('2026-05-22 10:05:00','YYYY-MM-DD HH24:MI:SS'), 261.440, 7, 90.80,  0.00, 1, 'N');
INSERT INTO TELEMETRY_LOG VALUES (37, 7, 2, TO_TIMESTAMP('2026-05-22 10:05:16','YYYY-MM-DD HH24:MI:SS'), 92.220,  3,  9.10, 96.30, 1, 'N');
INSERT INTO TELEMETRY_LOG VALUES (38, 7, 2, TO_TIMESTAMP('2026-05-22 10:05:32','YYYY-MM-DD HH24:MI:SS'), 238.880, 7, 87.50,  0.00, 1, 'N');
INSERT INTO TELEMETRY_LOG VALUES (39, 9, 1, TO_TIMESTAMP('2026-05-25 14:15:00','YYYY-MM-DD HH24:MI:SS'), 271.115, 7, 93.90,  0.00, 10, 'N');
INSERT INTO TELEMETRY_LOG VALUES (40, 9, 1, TO_TIMESTAMP('2026-05-25 14:15:14','YYYY-MM-DD HH24:MI:SS'), 102.670, 3, 12.00, 93.80, 10, 'N');
INSERT INTO TELEMETRY_LOG VALUES (41, 9, 1, TO_TIMESTAMP('2026-05-25 14:15:28','YYYY-MM-DD HH24:MI:SS'), 248.220, 7, 91.30,  0.00, 10, 'N');
INSERT INTO TELEMETRY_LOG VALUES (42, 9, 1, TO_TIMESTAMP('2026-05-25 14:15:42','YYYY-MM-DD HH24:MI:SS'), 88.990,  2,  8.50, 97.20, 10, 'N');
INSERT INTO TELEMETRY_LOG VALUES (43, 9, 1, TO_TIMESTAMP('2026-05-25 14:15:56','YYYY-MM-DD HH24:MI:SS'), 265.330, 7, 92.80,  0.00, 10, 'N');
INSERT INTO TELEMETRY_LOG VALUES (44, 9, 2, TO_TIMESTAMP('2026-05-25 14:15:05','YYYY-MM-DD HH24:MI:SS'), 265.220, 7, 92.30,  0.00, 10, 'N');
INSERT INTO TELEMETRY_LOG VALUES (45, 9, 2, TO_TIMESTAMP('2026-05-25 14:15:19','YYYY-MM-DD HH24:MI:SS'), 98.115,  3, 10.50, 95.10, 10, 'N');
INSERT INTO TELEMETRY_LOG VALUES (46, 9, 2, TO_TIMESTAMP('2026-05-25 14:15:33','YYYY-MM-DD HH24:MI:SS'), 241.330, 7, 90.10,  0.00, 10, 'N');
COMMIT;

INSERT INTO PITSTOP VALUES (1, 3, 1, 20, 22.456, 'TYRE_CHANGE');
INSERT INTO PITSTOP VALUES (2, 3, 2, 21, 23.110, 'TYRE_CHANGE');
INSERT INTO PITSTOP VALUES (3, 6, 1, 10, 28.334, 'TYRE_CHANGE');
INSERT INTO PITSTOP VALUES (4, 6, 1, 35, 24.881, 'TYRE_CHANGE');
INSERT INTO PITSTOP VALUES (5, 6, 2, 11, 29.001, 'TYRE_CHANGE');
INSERT INTO PITSTOP VALUES (6, 6, 2, 34, 25.332, 'TYRE_CHANGE');
INSERT INTO PITSTOP VALUES (7, 9, 1, 32, 21.887, 'TYRE_CHANGE');
INSERT INTO PITSTOP VALUES (8, 9, 2, 33, 22.441, 'TYRE_CHANGE');
COMMIT;

INSERT INTO FUEL_CONSUMPTION VALUES (1,  3, 1, 110.00, 1.820, TO_TIMESTAMP('2026-03-03 15:11:30','YYYY-MM-DD HH24:MI:SS'), 1, 108.18);
INSERT INTO FUEL_CONSUMPTION VALUES (2,  3, 1, 110.00, 1.835, TO_TIMESTAMP('2026-03-03 15:13:00','YYYY-MM-DD HH24:MI:SS'), 2, 106.35);
INSERT INTO FUEL_CONSUMPTION VALUES (3,  3, 2, 110.00, 1.798, TO_TIMESTAMP('2026-03-03 15:11:30','YYYY-MM-DD HH24:MI:SS'), 1, 108.20);
INSERT INTO FUEL_CONSUMPTION VALUES (4,  3, 2, 110.00, 1.812, TO_TIMESTAMP('2026-03-03 15:13:00','YYYY-MM-DD HH24:MI:SS'), 2, 106.39);
INSERT INTO FUEL_CONSUMPTION VALUES (5,  6, 1, 110.00, 2.101, TO_TIMESTAMP('2026-03-17 14:11:30','YYYY-MM-DD HH24:MI:SS'), 1, 107.90);
INSERT INTO FUEL_CONSUMPTION VALUES (6,  6, 1, 110.00, 2.089, TO_TIMESTAMP('2026-03-17 14:13:00','YYYY-MM-DD HH24:MI:SS'), 2, 105.81);
INSERT INTO FUEL_CONSUMPTION VALUES (7,  6, 2, 110.00, 2.115, TO_TIMESTAMP('2026-03-17 14:11:30','YYYY-MM-DD HH24:MI:SS'), 1, 107.89);
INSERT INTO FUEL_CONSUMPTION VALUES (8,  6, 2, 110.00, 2.098, TO_TIMESTAMP('2026-03-17 14:13:00','YYYY-MM-DD HH24:MI:SS'), 2, 105.79);
INSERT INTO FUEL_CONSUMPTION VALUES (9,  9, 1, 100.00, 1.540, TO_TIMESTAMP('2026-05-25 14:16:00','YYYY-MM-DD HH24:MI:SS'), 1, 98.46);
INSERT INTO FUEL_CONSUMPTION VALUES (10, 9, 1, 100.00, 1.528, TO_TIMESTAMP('2026-05-25 14:17:30','YYYY-MM-DD HH24:MI:SS'), 2, 96.93);
INSERT INTO FUEL_CONSUMPTION VALUES (11, 9, 2, 100.00, 1.558, TO_TIMESTAMP('2026-05-25 14:16:00','YYYY-MM-DD HH24:MI:SS'), 1, 98.44);
INSERT INTO FUEL_CONSUMPTION VALUES (12, 9, 2, 100.00, 1.541, TO_TIMESTAMP('2026-05-25 14:17:30','YYYY-MM-DD HH24:MI:SS'), 2, 96.90);
COMMIT;

INSERT INTO RACE_RESULT VALUES (1, 1, 6, 1, 'FINISHED', 5412.334, 88.112, 25.0);
INSERT INTO RACE_RESULT VALUES (2, 1, 7, 3, 'FINISHED', 5428.771, 88.890, 15.0);
INSERT INTO RACE_RESULT VALUES (3, 2, 7, 1, 'FINISHED', 5390.115, 80.201, 25.0);
INSERT INTO RACE_RESULT VALUES (4, 2, 6, 2, 'FINISHED', 5398.220, 80.330, 18.0);
INSERT INTO RACE_RESULT VALUES (5, 3, 6, 1, 'FINISHED', 6102.445, 71.889, 25.0);
INSERT INTO RACE_RESULT VALUES (6, 3, 7, 2, 'FINISHED', 6115.330, 72.110, 18.0);
COMMIT;

INSERT INTO QUALIFYING_LAP VALUES (1,  1, 6, 201, 89.456, 'Q1', 1, NULL);
INSERT INTO QUALIFYING_LAP VALUES (2,  1, 7, 204, 89.890, 'Q1', 1, NULL);
INSERT INTO QUALIFYING_LAP VALUES (3,  1, 6, 201, 88.901, 'Q2', 1, NULL);
INSERT INTO QUALIFYING_LAP VALUES (4,  1, 7, 204, 89.120, 'Q2', 1, NULL);
INSERT INTO QUALIFYING_LAP VALUES (5,  1, 6, 201, 88.456, 'Q3', 1, 1);
INSERT INTO QUALIFYING_LAP VALUES (6,  1, 7, 204, 88.710, 'Q3', 1, 2);
INSERT INTO QUALIFYING_LAP VALUES (7,  2, 6, 202, 80.112, 'Q1', 1, NULL);
INSERT INTO QUALIFYING_LAP VALUES (8,  2, 7, 205, 80.445, 'Q1', 1, NULL);
INSERT INTO QUALIFYING_LAP VALUES (9,  2, 6, 202, 79.881, 'Q2', 1, NULL);
INSERT INTO QUALIFYING_LAP VALUES (10, 2, 7, 205, 79.990, 'Q2', 1, NULL);
INSERT INTO QUALIFYING_LAP VALUES (11, 2, 7, 205, 79.702, 'Q3', 1, 1);
INSERT INTO QUALIFYING_LAP VALUES (12, 2, 6, 202, 79.810, 'Q3', 1, 2);
INSERT INTO QUALIFYING_LAP VALUES (13, 3, 6, 201, 72.334, 'Q1', 1, NULL);
INSERT INTO QUALIFYING_LAP VALUES (14, 3, 7, 204, 72.780, 'Q1', 1, NULL);
INSERT INTO QUALIFYING_LAP VALUES (15, 3, 6, 201, 72.001, 'Q2', 1, NULL);
INSERT INTO QUALIFYING_LAP VALUES (16, 3, 7, 204, 72.220, 'Q2', 1, NULL);
INSERT INTO QUALIFYING_LAP VALUES (17, 3, 6, 201, 71.889, 'Q3', 1, 1);
INSERT INTO QUALIFYING_LAP VALUES (18, 3, 7, 204, 72.001, 'Q3', 1, 2);
COMMIT;
