-- =========================
--     SIMULATION DATA :)
-- Apex Motorsport Database
-- =========================

-- DEPARTMENT
INSERT INTO DEPARTMENT VALUES ('LOG', 'Logistics and Transportation');
INSERT INTO DEPARTMENT VALUES ('BUS', 'Business and Sponsorship Management');
INSERT INTO DEPARTMENT VALUES ('ENG', 'Engineering and Performance');
INSERT INTO DEPARTMENT VALUES ('HR', 'Human Resources and Scheduling');
INSERT INTO DEPARTMENT VALUES ('PIT', 'Pit Crew Operations');

-- EMPLOYEE
INSERT INTO EMPLOYEE VALUES (1, 'LOG', 'Graham', 'Robert', DATE '2004-05-12', '0711111111', 'graham@nwu.ac.za', 'M', 'Logistics Staff');
INSERT INTO EMPLOYEE VALUES (2, 'BUS', 'Tjay', 'Burger', DATE '2004-08-20', '0722222222', 'tjay@nwu.ac.za', 'M', 'Business Administrator');
INSERT INTO EMPLOYEE VALUES (3, 'ENG', 'Wihan', 'Jacobsz', DATE '2004-03-15', '0733333333', 'wihan@nwu.ac.za', 'M', 'Engineer');
INSERT INTO EMPLOYEE VALUES (4, 'HR', 'Stephan', 'van Rensburg', DATE '2004-11-04', '0744444444', 'stephan@nwu.ac.za', 'M', 'HR Scheduler');
INSERT INTO EMPLOYEE VALUES (5, 'PIT', 'Ruben', 'Badenhorst', DATE '2004-07-22', '0755555555', 'ruben@nwu.ac.za', 'M', 'Mechanic');
INSERT INTO EMPLOYEE VALUES (1001, 'ENG', 'Max', 'Verstappen', DATE '1997-09-30', '0766666666', 'max@nwu.ac.za', 'M', 'Driver');
INSERT INTO EMPLOYEE VALUES (1002, 'ENG', 'Lando', 'Norris', DATE '1997-08-31', '0777777777', 'lando@nwu.ac.za', 'M', 'Driver');

-- SPONSOR
INSERT INTO SPONSOR VALUES (1, 'Oracle');
INSERT INTO SPONSOR VALUES (2, 'Red Bull');
INSERT INTO SPONSOR VALUES (3, 'Pirelli');
INSERT INTO SPONSOR VALUES (4, 'Petronas');
INSERT INTO SPONSOR VALUES (5, 'Dell Technologies');

-- CONTRACT
INSERT INTO CONTRACT VALUES (1, '2026 Season', 'Primary sponsorship agreement', DATE '2026-01-10');
INSERT INTO CONTRACT VALUES (2, '2026 Season', 'Technical partnership agreement', DATE '2026-01-15');
INSERT INTO CONTRACT VALUES (3, '2026 Season', 'Tyre supply partnership agreement', DATE '2026-01-20');
INSERT INTO CONTRACT VALUES (4, '2026 Season', 'Driver salary agreement', DATE '2026-02-01');
INSERT INTO CONTRACT VALUES (5, '2026 Season', 'IT infrastructure support agreement', DATE '2026-02-05');

-- CIRCUIT
INSERT INTO CIRCUIT VALUES (1, 'Monaco', 'CET');
INSERT INTO CIRCUIT VALUES (2, 'Silverstone', 'GMT');
INSERT INTO CIRCUIT VALUES (3, 'Spa-Francorchamps', 'CET');
INSERT INTO CIRCUIT VALUES (4, 'Monza', 'CET');
INSERT INTO CIRCUIT VALUES (5, 'Suzuka', 'JST');

-- SEASON
INSERT INTO SEASON VALUES (1, 2026);
INSERT INTO SEASON VALUES (2, 2025);
INSERT INTO SEASON VALUES (3, 2024);

-- EMP_CONTRACT
INSERT INTO EMP_CONTRACT VALUES (1, 2);
INSERT INTO EMP_CONTRACT VALUES (2, 3);
INSERT INTO EMP_CONTRACT VALUES (3, 5);
INSERT INTO EMP_CONTRACT VALUES (4, 4);
INSERT INTO EMP_CONTRACT VALUES (5, 1);

-- SPONSOR_CONTRACT
INSERT INTO SPONSOR_CONTRACT VALUES (1, 1);
INSERT INTO SPONSOR_CONTRACT VALUES (2, 2);
INSERT INTO SPONSOR_CONTRACT VALUES (3, 3);
INSERT INTO SPONSOR_CONTRACT VALUES (4, 4);
INSERT INTO SPONSOR_CONTRACT VALUES (5, 5);

-- PAYMENT
INSERT INTO PAYMENT VALUES (1, 1, 2500000.00, DATE '2026-01-15');
INSERT INTO PAYMENT VALUES (2, 2, 1750000.00, DATE '2026-01-20');
INSERT INTO PAYMENT VALUES (3, 3, 1200000.00, DATE '2026-01-25');
INSERT INTO PAYMENT VALUES (4, 4, 950000.00, DATE '2026-02-05');
INSERT INTO PAYMENT VALUES (5, 5, 1500000.00, DATE '2026-02-15');

-- SHIPMENT
INSERT INTO SHIPMENT VALUES (1, 1, 1, DATE '2026-05-01', DATE '2026-05-03', 3);
INSERT INTO SHIPMENT VALUES (2, 1, 2, DATE '2026-06-10', DATE '2026-06-12', 2);
INSERT INTO SHIPMENT VALUES (3, 1, 3, DATE '2026-07-01', DATE '2026-07-03', 1);

-- ASSET
INSERT INTO ASSET VALUES (1, 'Race Car Chassis', 2);
INSERT INTO ASSET VALUES (2, 'Tyre Set', 50);
INSERT INTO ASSET VALUES (3, 'Server', 4);
INSERT INTO ASSET VALUES (4, 'Pit Equipment', 12);
INSERT INTO ASSET VALUES (5, 'Gearbox', 20);
INSERT INTO ASSET VALUES (10000, 'Other Component Assembly', 5);
INSERT INTO ASSET VALUES (10001, 'Front Wing Assembly', 5);
INSERT INTO ASSET VALUES (10002, 'Rear Wing Assembly', 5);
INSERT INTO ASSET VALUES (10003, 'Carbon Fibre Chassis Unit', 3);
INSERT INTO ASSET VALUES (10004, 'Hybrid Power Unit', 4);
INSERT INTO ASSET VALUES (10005, 'Gearbox Assembly', 6);
INSERT INTO ASSET VALUES (10006, 'Tyre Set - Soft', 20);
INSERT INTO ASSET VALUES (10007, 'Tyre Set - Medium', 20);
INSERT INTO ASSET VALUES (10008, 'Tyre Set - Hard', 20);
INSERT INTO ASSET VALUES (10010, 'Sidepod Assembly', 4);

-- SHIPPED_ASSET
INSERT INTO SHIPPED_ASSET VALUES (1, 1);
INSERT INTO SHIPPED_ASSET VALUES (1, 2);
INSERT INTO SHIPPED_ASSET VALUES (2, 3);
INSERT INTO SHIPPED_ASSET VALUES (3, 4);
INSERT INTO SHIPPED_ASSET VALUES (3, 5);

-- EVENT
INSERT INTO EVENT VALUES (90001);
INSERT INTO EVENT VALUES (90002);
INSERT INTO EVENT VALUES (90003);

-- CAR
INSERT INTO CAR VALUES (1, 798, 'Operational', 03, 2026, 1001);
INSERT INTO CAR VALUES (2, 801, 'Operational', 04, 2026, 1002);
INSERT INTO CAR VALUES (3, 795, 'InForService', 01, 2025, 1001);
INSERT INTO CAR VALUES (4, 770, 'Retired', 01, 2023, 1001);
INSERT INTO CAR VALUES (5, 798, 'Non-Operational', 01, 2024, 1001);

-- PART
INSERT INTO PART VALUES (20001, 'AC', 'New', 10001);
INSERT INTO PART VALUES (20002, 'AC', 'Used', 10002);
INSERT INTO PART VALUES (20003, 'C', 'New', 10003);
INSERT INTO PART VALUES (20004, 'C', 'Used', 10003);
INSERT INTO PART VALUES (20005, 'PU', 'New', 10004);
INSERT INTO PART VALUES (20006, 'PU', 'Used', 10004);
INSERT INTO PART VALUES (20007, 'TS', 'New', 10006);
INSERT INTO PART VALUES (20008, 'TS', 'New', 10007);
INSERT INTO PART VALUES (20009, 'TS', 'Used', 10008);
INSERT INTO PART VALUES (20010, 'G', 'New', 10005);
INSERT INTO PART VALUES (20011, 'G', 'New', 10005);
INSERT INTO PART VALUES (20012, 'G', 'Damaged', 10005);
INSERT INTO PART VALUES (20013, 'O', 'New', 10000);
INSERT INTO PART VALUES (20014, 'O', 'Used', 10010);
INSERT INTO PART VALUES (20015, 'O', 'New', 10010);
INSERT INTO PART VALUES (20016, 'AC', 'New', 10001);
INSERT INTO PART VALUES (20017, 'AC', 'Used', 10002);
INSERT INTO PART VALUES (20018, 'AC', 'New', 10001);
INSERT INTO PART VALUES (20019, 'C', 'New', 10003);
INSERT INTO PART VALUES (20020, 'C', 'Damaged', 10003);
INSERT INTO PART VALUES (20021, 'C', 'Used', 10003);
INSERT INTO PART VALUES (20022, 'PU', 'New', 10004);
INSERT INTO PART VALUES (20023, 'PU', 'Used', 10004);
INSERT INTO PART VALUES (20024, 'PU', 'Damaged', 10004);

-- CAR_PART
INSERT INTO CAR_PART VALUES (1, 20001, 90001, DATE '2026-03-01', DATE '2026-03-03', 'Removed');
INSERT INTO CAR_PART VALUES (1, 20003, 90001, DATE '2026-03-01', NULL, 'Fitted');
INSERT INTO CAR_PART VALUES (2, 20005, 90002, DATE '2026-03-15', DATE '2026-03-17', 'Removed');
INSERT INTO CAR_PART VALUES (2, 20010, 90002, DATE '2026-03-15', NULL, 'Fitted');
INSERT INTO CAR_PART VALUES (3, 20007, 90003, DATE '2026-04-05', DATE '2026-04-07', 'Removed');

-- AERO_COMPONENT
INSERT INTO AERO_COMPONENT VALUES (20001, 'FrontWing', 'v1.0');
INSERT INTO AERO_COMPONENT VALUES (20002, 'RearWing', 'v2.1');
INSERT INTO AERO_COMPONENT VALUES (20016, 'FrontWing', 'v1.5');
INSERT INTO AERO_COMPONENT VALUES (20017, 'RearWing',  'v3.0');
INSERT INTO AERO_COMPONENT VALUES (20018, 'FrontWing', 'v2.0');

-- CHASSIS
INSERT INTO CHASSIS VALUES (20003, 'Passed', 'CarbonFibre', 35.50, 'FIA-CH-2026-001');
INSERT INTO CHASSIS VALUES (20004, 'Passed', 'CarbonFibre', 36.20, 'FIA-CH-2026-002');
INSERT INTO CHASSIS VALUES (20019, 'ToBeDetermined', 'CarbonFibre', 34.80, 'FIA-CH-2026-003');
INSERT INTO CHASSIS VALUES (20020, 'Failed', 'Aluminium',   40.10, 'FIA-CH-2025-007');
INSERT INTO CHASSIS VALUES (20021, 'Passed', 'CarbonFibre', 35.90, 'FIA-CH-2025-008');

-- POWER_UNIT
INSERT INTO POWER_UNIT VALUES (20005, 1040, 0.00);
INSERT INTO POWER_UNIT VALUES (20006, 970, 3500.70);
INSERT INTO POWER_UNIT VALUES (20022, 1025, 1600.00);
INSERT INTO POWER_UNIT VALUES (20023, 995, 8100.50);
INSERT INTO POWER_UNIT VALUES (20024, 890, 4555.00);

-- GEARBOX
INSERT INTO GEARBOX VALUES (20010, 0.00, 8, 0);
INSERT INTO GEARBOX VALUES (20011, 3333.00, 8, 3);
INSERT INTO GEARBOX VALUES (20012, 1550.00, 8, 6);

-- TYRE
INSERT INTO TYRE VALUES (20007, 0, 'C3', 100.00);
INSERT INTO TYRE VALUES (20008, 15, 'C4', 85.00);
INSERT INTO TYRE VALUES (20009, 55, 'C6', 10.00);

COMMIT;
